{"cameraMode":{"drawMode":0,"name":"Shaded","section":"Shading Mode"},"sceneLighting":false,"audioPlay":false,"sceneViewState":{"m_AlwaysRefresh":false,"showFog":true,"showSkybox":false,"showFlares":true,"showImageEffects":true,"showParticleSystems":true,"showVisualEffectGraphs":true,"m_FxEnabled":true},"in2DMode":false,"pivot":{"x":-0.05935889482498169,"y":0.25241541862487795,"z":0.06960606575012207},"rotation":{"x":-0.043797221034765246,"y":0.9276620745658875,"z":-0.35327470302581789,"w":-0.11432313919067383},"size":0.7375385761260986,"orthographic":false}