{"cameraMode":{"drawMode":0,"name":"Shaded","section":"Shading Mode"},"sceneLighting":false,"audioPlay":false,"sceneViewState":{"m_AlwaysRefresh":false,"showFog":true,"showSkybox":false,"showFlares":true,"showImageEffects":true,"showParticleSystems":true,"showVisualEffectGraphs":true,"m_FxEnabled":true},"in2DMode":false,"pivot":{"x":0.01563739776611328,"y":2.801311492919922,"z":-0.02559727430343628},"rotation":{"x":0.230805441737175,"y":0.4196487069129944,"z":-0.11094475537538529,"w":0.8711310625076294},"size":3.3511674404144289,"orthographic":false}