{"cameraMode":{"drawMode":0,"name":"Shaded","section":"Shading Mode"},"sceneLighting":false,"audioPlay":false,"sceneViewState":{"m_AlwaysRefresh":false,"showFog":true,"showSkybox":false,"showFlares":true,"showImageEffects":true,"showParticleSystems":true,"showVisualEffectGraphs":true,"m_FxEnabled":true},"in2DMode":false,"pivot":{"x":10.564261436462403,"y":4.990871906280518,"z":6.8310394287109379},"rotation":{"x":0.3854767084121704,"y":-0.06884747743606568,"z":0.028751812875270845,"w":0.9196670651435852},"size":0.8660253882408142,"orthographic":false}