{"cameraMode":{"drawMode":0,"name":"Shaded","section":"Shading Mode"},"sceneLighting":false,"audioPlay":false,"sceneViewState":{"m_AlwaysRefresh":false,"showFog":true,"showSkybox":false,"showFlares":true,"showImageEffects":true,"showParticleSystems":true,"showVisualEffectGraphs":true,"m_FxEnabled":true},"in2DMode":false,"pivot":{"x":9.5367431640625e-7,"y":0.09757590293884278,"z":-0.0000057220458984375},"rotation":{"x":-0.25001218914985659,"y":-0.6468503475189209,"z":0.23737990856170655,"w":-0.6805576682090759},"size":15.802170753479004,"orthographic":false}