{"cameraMode":{"drawMode":0,"name":"Shaded","section":"Shading Mode"},"sceneLighting":false,"audioPlay":false,"sceneViewState":{"m_AlwaysRefresh":false,"showFog":true,"showSkybox":false,"showFlares":true,"showImageEffects":true,"showParticleSystems":true,"showVisualEffectGraphs":true,"m_FxEnabled":true},"in2DMode":false,"pivot":{"x":0.05059480667114258,"y":0.20128761231899262,"z":-0.036995649337768558},"rotation":{"x":-0.1020723208785057,"y":0.8832876682281494,"z":-0.39852192997932436,"w":-0.22563882172107697},"size":2.957677125930786,"orthographic":false}