{"cameraMode":{"drawMode":0,"name":"Shaded","section":"Shading Mode"},"sceneLighting":false,"audioPlay":false,"sceneViewState":{"m_AlwaysRefresh":false,"showFog":true,"showSkybox":false,"showFlares":true,"showImageEffects":true,"showParticleSystems":true,"showVisualEffectGraphs":true,"m_FxEnabled":true},"in2DMode":false,"pivot":{"x":-0.055198609828948978,"y":1.2101167440414429,"z":-0.03306293487548828},"rotation":{"x":0.230805441737175,"y":0.4196487069129944,"z":-0.11094475537538529,"w":0.8711310625076294},"size":1.955409288406372,"orthographic":false}